ID,Language_ID,Parameter_ID,Value,Code_ID,Comment,Source,Usages,Type,Condition,Examples
jup-A_Marking_Type-1,jup,A_Marking_Type,none,A_Marking_Type-none,,,,,,
jup-A_Marking_Contrast-1,jup,A_Marking_Contrast,NotApplicable,,,,,,,
jup-A_Local_or_Global-1,jup,A_Local_or_Global,NotApplicable,,,,,,,
jup-A_Split_or_Fluid-1,jup,A_Split_or_Fluid,NotApplicable,,,,,,,
jup-A_TAM_DM-1,jup,A_TAM_DM,NotApplicable,,,,,,,
jup-A_WO_DM-1,jup,A_WO_DM,NotApplicable,,,,,,,
jup-A_Other_DM-1,jup,A_Other_DM,NotApplicable,,,,,,,
jup-A_Animacy_Scale-1,jup,A_Animacy_Scale,NotApplicable,,,,,,,
jup-A_Pronom_Scale-1,jup,A_Pronom_Scale,NotApplicable,,,,,,,
jup-A_Def_Scale-1,jup,A_Def_Scale,NotApplicable,,,,,,,
jup-A_Person_Scale-1,jup,A_Person_Scale,NotApplicable,,,,,,,
jup-P_Marking_Type-1,jup,P_Marking_Type,differential,P_Marking_Type-differential,,,,,,
jup-P_Marking_Contrast-1,jup,P_Marking_Contrast,zero_nonzero,P_Marking_Contrast-zerononzero,,,,,,
jup-P_Local_or_Global-1,jup,P_Local_or_Global,local,P_Local_or_Global-local,,,,,,
jup-P_Split_or_Fluid-1,jup,P_Split_or_Fluid,split-fluid,P_Split_or_Fluid-splitfluid,,,,,,
jup-P_TAM_DM-1,jup,P_TAM_DM,no,P_TAM_DM-no,,,,,,
jup-P_WO_DM-1,jup,P_WO_DM,no,P_WO_DM-no,,,,,,
jup-P_Other_DM-1,jup,P_Other_DM,no,P_Other_DM-no,,,,,,
jup-P_Animacy_Scale-1,jup,P_Animacy_Scale,fit,,,,,,,
jup-P_Pronom_Scale-1,jup,P_Pronom_Scale,fit,,,,,,,
jup-P_Def_Scale-1,jup,P_Def_Scale,fit,,,,,,,
jup-P_Person_Scale-1,jup,P_Person_Scale,none,,,,,,,
she-A_Marking_Type-1,she,A_Marking_Type,none,A_Marking_Type-none,,,,,,
she-A_Marking_Contrast-1,she,A_Marking_Contrast,NotApplicable,,,,,,,
she-A_Local_or_Global-1,she,A_Local_or_Global,NotApplicable,,,,,,,
she-A_Split_or_Fluid-1,she,A_Split_or_Fluid,NotApplicable,,,,,,,
she-A_TAM_DM-1,she,A_TAM_DM,NotApplicable,,,,,,,
she-A_WO_DM-1,she,A_WO_DM,NotApplicable,,,,,,,
she-A_Other_DM-1,she,A_Other_DM,NotApplicable,,,,,,,
she-A_Animacy_Scale-1,she,A_Animacy_Scale,NotApplicable,,,,,,,
she-A_Pronom_Scale-1,she,A_Pronom_Scale,NotApplicable,,,,,,,
she-A_Def_Scale-1,she,A_Def_Scale,NotApplicable,,,,,,,
she-A_Person_Scale-1,she,A_Person_Scale,NotApplicable,,,,,,,
she-P_Marking_Type-1,she,P_Marking_Type,differential,P_Marking_Type-differential,,,,,,
she-P_Marking_Contrast-1,she,P_Marking_Contrast,zero_nonzero,P_Marking_Contrast-zerononzero,,,,,,
she-P_Local_or_Global-1,she,P_Local_or_Global,local,P_Local_or_Global-local,,,,,,
she-P_Split_or_Fluid-1,she,P_Split_or_Fluid,split-fluid,P_Split_or_Fluid-splitfluid,,,,,,
she-P_TAM_DM-1,she,P_TAM_DM,no,P_TAM_DM-no,,,,,,
she-P_WO_DM-1,she,P_WO_DM,yes,P_WO_DM-yes,,,,,,
she-P_Other_DM-1,she,P_Other_DM,no,P_Other_DM-no,,,,,,
she-P_Animacy_Scale-1,she,P_Animacy_Scale,none,,,,,,,
she-P_Pronom_Scale-1,she,P_Pronom_Scale,none,,,,,,,
she-P_Def_Scale-1,she,P_Def_Scale,fit,,,,,,,
she-P_Person_Scale-1,she,P_Person_Scale,none,,,,,,,
khv-A_Marking_Type-1,khv,A_Marking_Type,differential,A_Marking_Type-differential,,,,,,
khv-A_Marking_Contrast-1,khv,A_Marking_Contrast,zero_nonzero,A_Marking_Contrast-zerononzero,,,,,,
khv-A_Local_or_Global-1,khv,A_Local_or_Global,local,A_Local_or_Global-local,,,,,,
khv-A_Split_or_Fluid-1,khv,A_Split_or_Fluid,split,A_Split_or_Fluid-split,,,,,,
khv-A_TAM_DM-1,khv,A_TAM_DM,no,A_TAM_DM-no,,,,,,
khv-A_WO_DM-1,khv,A_WO_DM,no,A_WO_DM-no,,,,,,
khv-A_Other_DM-1,khv,A_Other_DM,no,A_Other_DM-no,,,,,,
khv-A_Animacy_Scale-1,khv,A_Animacy_Scale,none,,,,,,,
khv-A_Pronom_Scale-1,khv,A_Pronom_Scale,fit,,,,,,,
khv-A_Def_Scale-1,khv,A_Def_Scale,none,,,,,,,
khv-A_Person_Scale-1,khv,A_Person_Scale,none,,,,,,,
khv-P_Marking_Type-1,khv,P_Marking_Type,none,P_Marking_Type-none,,,,,,
khv-P_Marking_Contrast-1,khv,P_Marking_Contrast,NotApplicable,,,,,,,
khv-P_Local_or_Global-1,khv,P_Local_or_Global,NotApplicable,,,,,,,
khv-P_Split_or_Fluid-1,khv,P_Split_or_Fluid,NotApplicable,,,,,,,
khv-P_TAM_DM-1,khv,P_TAM_DM,NotApplicable,,,,,,,
khv-P_WO_DM-1,khv,P_WO_DM,NotApplicable,,,,,,,
khv-P_Other_DM-1,khv,P_Other_DM,NotApplicable,,,,,,,
khv-P_Animacy_Scale-1,khv,P_Animacy_Scale,NotApplicable,,,,,,,
khv-P_Pronom_Scale-1,khv,P_Pronom_Scale,NotApplicable,,,,,,,
khv-P_Def_Scale-1,khv,P_Def_Scale,NotApplicable,,,,,,,
khv-P_Person_Scale-1,khv,P_Person_Scale,NotApplicable,,,,,,,
rmt-A_Marking_Type-1,rmt,A_Marking_Type,none,A_Marking_Type-none,,,,,,
rmt-A_Marking_Contrast-1,rmt,A_Marking_Contrast,NotApplicable,,,,,,,
rmt-A_Local_or_Global-1,rmt,A_Local_or_Global,NotApplicable,,,,,,,
rmt-A_Split_or_Fluid-1,rmt,A_Split_or_Fluid,NotApplicable,,,,,,,
rmt-A_TAM_DM-1,rmt,A_TAM_DM,NotApplicable,,,,,,,
rmt-A_WO_DM-1,rmt,A_WO_DM,NotApplicable,,,,,,,
rmt-A_Other_DM-1,rmt,A_Other_DM,NotApplicable,,,,,,,
rmt-A_Animacy_Scale-1,rmt,A_Animacy_Scale,NotApplicable,,,,,,,
rmt-A_Pronom_Scale-1,rmt,A_Pronom_Scale,NotApplicable,,,,,,,
rmt-A_Def_Scale-1,rmt,A_Def_Scale,NotApplicable,,,,,,,
rmt-A_Person_Scale-1,rmt,A_Person_Scale,NotApplicable,,,,,,,
rmt-P_Marking_Type-1,rmt,P_Marking_Type,differential,P_Marking_Type-differential,,,,,,
rmt-P_Marking_Contrast-1,rmt,P_Marking_Contrast,zero_nonzero,P_Marking_Contrast-zerononzero,,,,,,
rmt-P_Local_or_Global-1,rmt,P_Local_or_Global,local,P_Local_or_Global-local,,,,,,
rmt-P_Split_or_Fluid-1,rmt,P_Split_or_Fluid,split,P_Split_or_Fluid-split,,,,,,
rmt-P_TAM_DM-1,rmt,P_TAM_DM,no,P_TAM_DM-no,,,,,,
rmt-P_WO_DM-1,rmt,P_WO_DM,no,P_WO_DM-no,,,,,,
rmt-P_Other_DM-1,rmt,P_Other_DM,no,P_Other_DM-no,,,,,,
rmt-P_Animacy_Scale-1,rmt,P_Animacy_Scale,NotApplicable,,,,,,,
rmt-P_Pronom_Scale-1,rmt,P_Pronom_Scale,fit,,,,,,,
rmt-P_Def_Scale-1,rmt,P_Def_Scale,fit,,,,,,,
rmt-P_Person_Scale-1,rmt,P_Person_Scale,none,,,,,,,
css-A_Marking_Type-1,css,A_Marking_Type,none,A_Marking_Type-none,,,,,,
css-A_Marking_Contrast-1,css,A_Marking_Contrast,NotApplicable,,,,,,,
css-A_Local_or_Global-1,css,A_Local_or_Global,NotApplicable,,,,,,,
css-A_Split_or_Fluid-1,css,A_Split_or_Fluid,NotApplicable,,,,,,,
css-A_TAM_DM-1,css,A_TAM_DM,NotApplicable,,,,,,,
css-A_WO_DM-1,css,A_WO_DM,NotApplicable,,,,,,,
css-A_Other_DM-1,css,A_Other_DM,NotApplicable,,,,,,,
css-A_Animacy_Scale-1,css,A_Animacy_Scale,NotApplicable,,,,,,,
css-A_Pronom_Scale-1,css,A_Pronom_Scale,NotApplicable,,,,,,,
css-A_Def_Scale-1,css,A_Def_Scale,NotApplicable,,,,,,,
css-A_Person_Scale-1,css,A_Person_Scale,NotApplicable,,,,,,,
css-P_Marking_Type-1,css,P_Marking_Type,differential,P_Marking_Type-differential,,,,,,
css-P_Marking_Contrast-1,css,P_Marking_Contrast,zero_nonzero,P_Marking_Contrast-zerononzero,,,,,,
css-P_Local_or_Global-1,css,P_Local_or_Global,local,P_Local_or_Global-local,,,,,,
css-P_Split_or_Fluid-1,css,P_Split_or_Fluid,split,P_Split_or_Fluid-split,,,,,,
css-P_TAM_DM-1,css,P_TAM_DM,yes,P_TAM_DM-yes,,,,,,
css-P_WO_DM-1,css,P_WO_DM,no,P_WO_DM-no,,,,,,
css-P_Other_DM-1,css,P_Other_DM,no,P_Other_DM-no,,,,,,
css-P_Animacy_Scale-1,css,P_Animacy_Scale,NotApplicable,,,,,,,
css-P_Pronom_Scale-1,css,P_Pronom_Scale,NotApplicable,,,,,,,
css-P_Def_Scale-1,css,P_Def_Scale,NotApplicable,,,,,,,
css-P_Person_Scale-1,css,P_Person_Scale,NotApplicable,,,,,,,
ybh-A_Marking_Type-1,ybh,A_Marking_Type,differential,A_Marking_Type-differential,,,,,,
ybh-A_Marking_Contrast-1,ybh,A_Marking_Contrast,zero_nonzero,A_Marking_Contrast-zerononzero,,,,,,
ybh-A_Local_or_Global-1,ybh,A_Local_or_Global,local,A_Local_or_Global-local,,,,,,
ybh-A_Split_or_Fluid-1,ybh,A_Split_or_Fluid,split,A_Split_or_Fluid-split,,,,,,
ybh-A_TAM_DM-1,ybh,A_TAM_DM,no,A_TAM_DM-no,,,,,,
ybh-A_WO_DM-1,ybh,A_WO_DM,no,A_WO_DM-no,,,,,,
ybh-A_Other_DM-1,ybh,A_Other_DM,no,A_Other_DM-no,,,,,,
ybh-A_Animacy_Scale-1,ybh,A_Animacy_Scale,none,,,,,,,
ybh-A_Pronom_Scale-1,ybh,A_Pronom_Scale,fit,,,,,,,
ybh-A_Def_Scale-1,ybh,A_Def_Scale,none,,,,,,,
ybh-A_Person_Scale-1,ybh,A_Person_Scale,fit,,,,,,,
ybh-P_Marking_Type-1,ybh,P_Marking_Type,none,P_Marking_Type-none,,,,,,
ybh-P_Marking_Contrast-1,ybh,P_Marking_Contrast,NotApplicable,,,,,,,
ybh-P_Local_or_Global-1,ybh,P_Local_or_Global,NotApplicable,,,,,,,
ybh-P_Split_or_Fluid-1,ybh,P_Split_or_Fluid,NotApplicable,,,,,,,
ybh-P_TAM_DM-1,ybh,P_TAM_DM,NotApplicable,,,,,,,
ybh-P_WO_DM-1,ybh,P_WO_DM,NotApplicable,,,,,,,
ybh-P_Other_DM-1,ybh,P_Other_DM,NotApplicable,,,,,,,
ybh-P_Animacy_Scale-1,ybh,P_Animacy_Scale,NotApplicable,,,,,,,
ybh-P_Pronom_Scale-1,ybh,P_Pronom_Scale,NotApplicable,,,,,,,
ybh-P_Def_Scale-1,ybh,P_Def_Scale,NotApplicable,,,,,,,
ybh-P_Person_Scale-1,ybh,P_Person_Scale,NotApplicable,,,,,,,
mem-A_Marking_Type-1,mem,A_Marking_Type,differential,A_Marking_Type-differential,,,,,,
mem-A_Marking_Contrast-1,mem,A_Marking_Contrast,zero_nonzero,A_Marking_Contrast-zerononzero,,,,,,
mem-A_Local_or_Global-1,mem,A_Local_or_Global,local,A_Local_or_Global-local,,,,,,
mem-A_Split_or_Fluid-1,mem,A_Split_or_Fluid,fluid,A_Split_or_Fluid-fluid,,,,,,
mem-A_TAM_DM-1,mem,A_TAM_DM,no,A_TAM_DM-no,,,,,,
mem-A_WO_DM-1,mem,A_WO_DM,no,A_WO_DM-no,,,,,,
mem-A_Other_DM-1,mem,A_Other_DM,no,A_Other_DM-no,,,,,,
mem-A_Animacy_Scale-1,mem,A_Animacy_Scale,none,,,,,,,
mem-A_Pronom_Scale-1,mem,A_Pronom_Scale,none,,,,,,,
mem-A_Def_Scale-1,mem,A_Def_Scale,none,,,,,,,
mem-A_Person_Scale-1,mem,A_Person_Scale,none,,,,,,,
mem-P_Marking_Type-1,mem,P_Marking_Type,none,P_Marking_Type-none,,,,,,
mem-P_Marking_Contrast-1,mem,P_Marking_Contrast,NotApplicable,,,,,,,
mem-P_Local_or_Global-1,mem,P_Local_or_Global,NotApplicable,,,,,,,
mem-P_Split_or_Fluid-1,mem,P_Split_or_Fluid,NotApplicable,,,,,,,
mem-P_TAM_DM-1,mem,P_TAM_DM,NotApplicable,,,,,,,
mem-P_WO_DM-1,mem,P_WO_DM,NotApplicable,,,,,,,
mem-P_Other_DM-1,mem,P_Other_DM,NotApplicable,,,,,,,
mem-P_Animacy_Scale-1,mem,P_Animacy_Scale,NotApplicable,,,,,,,
mem-P_Pronom_Scale-1,mem,P_Pronom_Scale,NotApplicable,,,,,,,
mem-P_Def_Scale-1,mem,P_Def_Scale,NotApplicable,,,,,,,
mem-P_Person_Scale-1,mem,P_Person_Scale,NotApplicable,,,,,,,
kor-A_Marking_Type-1,kor,A_Marking_Type,differential,A_Marking_Type-differential,,,,,,
kor-A_Marking_Contrast-1,kor,A_Marking_Contrast,zero_nonzero,A_Marking_Contrast-zerononzero,,,,,,
kor-A_Local_or_Global-1,kor,A_Local_or_Global,local,A_Local_or_Global-local,,,,,,
kor-A_Split_or_Fluid-1,kor,A_Split_or_Fluid,split-fluid,A_Split_or_Fluid-splitfluid,,,,,,
kor-A_TAM_DM-1,kor,A_TAM_DM,no,A_TAM_DM-no,,,,,,
kor-A_WO_DM-1,kor,A_WO_DM,no,A_WO_DM-no,,,,,,
kor-A_Other_DM-1,kor,A_Other_DM,no,A_Other_DM-no,,,,,,
kor-A_Animacy_Scale-1,kor,A_Animacy_Scale,fit,,,,,,,
kor-A_Pronom_Scale-1,kor,A_Pronom_Scale,fit,,,,,,,
kor-A_Def_Scale-1,kor,A_Def_Scale,none,,,,,,,
kor-A_Person_Scale-1,kor,A_Person_Scale,fit,,,,,,,
kor-P_Marking_Type-1,kor,P_Marking_Type,differential,P_Marking_Type-differential,,,,,,
kor-P_Marking_Contrast-1,kor,P_Marking_Contrast,zero_nonzero,P_Marking_Contrast-zerononzero,,,,,,
kor-P_Local_or_Global-1,kor,P_Local_or_Global,local,P_Local_or_Global-local,,,,,,
kor-P_Split_or_Fluid-1,kor,P_Split_or_Fluid,split-fluid,P_Split_or_Fluid-splitfluid,,,,,,
kor-P_TAM_DM-1,kor,P_TAM_DM,no,P_TAM_DM-no,,,,,,
kor-P_WO_DM-1,kor,P_WO_DM,no,P_WO_DM-no,,,,,,
kor-P_Other_DM-1,kor,P_Other_DM,no,P_Other_DM-no,,,,,,
kor-P_Animacy_Scale-1,kor,P_Animacy_Scale,fit,,,,,,,
kor-P_Pronom_Scale-1,kor,P_Pronom_Scale,fit,,,,,,,
kor-P_Def_Scale-1,kor,P_Def_Scale,fit,,,,,,,
kor-P_Person_Scale-1,kor,P_Person_Scale,fit,,,,,,,
ude-A_Marking_Type-1,ude,A_Marking_Type,none,A_Marking_Type-none,,,,,,
ude-A_Marking_Contrast-1,ude,A_Marking_Contrast,NotApplicable,,,,,,,
ude-A_Local_or_Global-1,ude,A_Local_or_Global,NotApplicable,,,,,,,
ude-A_Split_or_Fluid-1,ude,A_Split_or_Fluid,NotApplicable,,,,,,,
ude-A_TAM_DM-1,ude,A_TAM_DM,NotApplicable,,,,,,,
ude-A_WO_DM-1,ude,A_WO_DM,NotApplicable,,,,,,,
ude-A_Other_DM-1,ude,A_Other_DM,NotApplicable,,,,,,,
ude-A_Animacy_Scale-1,ude,A_Animacy_Scale,NotApplicable,,,,,,,
ude-A_Pronom_Scale-1,ude,A_Pronom_Scale,NotApplicable,,,,,,,
ude-A_Def_Scale-1,ude,A_Def_Scale,NotApplicable,,,,,,,
ude-A_Person_Scale-1,ude,A_Person_Scale,NotApplicable,,,,,,,
ude-P_Marking_Type-1,ude,P_Marking_Type,differential,P_Marking_Type-differential,,,,,,
ude-P_Marking_Contrast-1,ude,P_Marking_Contrast,zero_nonzero,P_Marking_Contrast-zerononzero,,,,,,
ude-P_Local_or_Global-1,ude,P_Local_or_Global,local,P_Local_or_Global-local,,,,,,
ude-P_Split_or_Fluid-1,ude,P_Split_or_Fluid,split-fluid,P_Split_or_Fluid-splitfluid,,,,,,
ude-P_TAM_DM-1,ude,P_TAM_DM,yes,P_TAM_DM-yes,,,,,,
ude-P_WO_DM-1,ude,P_WO_DM,no,P_WO_DM-no,,,,,,
ude-P_Other_DM-1,ude,P_Other_DM,yes,P_Other_DM-yes,,,,,,
ude-P_Animacy_Scale-1,ude,P_Animacy_Scale,none,,,,,,,
ude-P_Pronom_Scale-1,ude,P_Pronom_Scale,none,,,,,,,
ude-P_Def_Scale-1,ude,P_Def_Scale,fit,,,,,,,
ude-P_Person_Scale-1,ude,P_Person_Scale,none,,,,,,,
dzg-A_Marking_Type-1,dzg,A_Marking_Type,differential,A_Marking_Type-differential,,,,,,
dzg-A_Marking_Contrast-1,dzg,A_Marking_Contrast,zero_nonzero,A_Marking_Contrast-zerononzero,,,,,,
dzg-A_Local_or_Global-1,dzg,A_Local_or_Global,local,A_Local_or_Global-local,,,,,,
dzg-A_Split_or_Fluid-1,dzg,A_Split_or_Fluid,split-fluid,A_Split_or_Fluid-splitfluid,,,,,,
dzg-A_TAM_DM-1,dzg,A_TAM_DM,no,A_TAM_DM-no,,,,,,
dzg-A_WO_DM-1,dzg,A_WO_DM,yes,A_WO_DM-yes,,,,,,
dzg-A_Other_DM-1,dzg,A_Other_DM,no,A_Other_DM-no,,,,,,
dzg-A_Animacy_Scale-1,dzg,A_Animacy_Scale,fit,,,,,,,
dzg-A_Pronom_Scale-1,dzg,A_Pronom_Scale,none,,,,,,,
dzg-A_Def_Scale-1,dzg,A_Def_Scale,none,,,,,,,
dzg-A_Person_Scale-1,dzg,A_Person_Scale,none,,,,,,,
dzg-P_Marking_Type-1,dzg,P_Marking_Type,differential,P_Marking_Type-differential,,,,,,
dzg-P_Marking_Contrast-1,dzg,P_Marking_Contrast,zero_nonzero,P_Marking_Contrast-zerononzero,,,,,,
dzg-P_Local_or_Global-1,dzg,P_Local_or_Global,local,P_Local_or_Global-local,,,,,,
dzg-P_Split_or_Fluid-1,dzg,P_Split_or_Fluid,split,P_Split_or_Fluid-split,,,,,,
dzg-P_TAM_DM-1,dzg,P_TAM_DM,no,P_TAM_DM-no,,,,,,
dzg-P_WO_DM-1,dzg,P_WO_DM,no,P_WO_DM-no,,,,,,
dzg-P_Other_DM-1,dzg,P_Other_DM,no,P_Other_DM-no,,,,,,
dzg-P_Animacy_Scale-1,dzg,P_Animacy_Scale,none,,,,,,,
dzg-P_Pronom_Scale-1,dzg,P_Pronom_Scale,fit,,,,,,,
dzg-P_Def_Scale-1,dzg,P_Def_Scale,none,,,,,,,
dzg-P_Person_Scale-1,dzg,P_Person_Scale,none,,,,,,,
yuk-A_Marking_Type-1,yuk,A_Marking_Type,none,A_Marking_Type-none,,,,,,
yuk-A_Marking_Contrast-1,yuk,A_Marking_Contrast,NotApplicable,,,,,,,
yuk-A_Local_or_Global-1,yuk,A_Local_or_Global,NotApplicable,,,,,,,
yuk-A_Split_or_Fluid-1,yuk,A_Split_or_Fluid,NotApplicable,,,,,,,
yuk-A_TAM_DM-1,yuk,A_TAM_DM,NotApplicable,,,,,,,
yuk-A_WO_DM-1,yuk,A_WO_DM,NotApplicable,,,,,,,
yuk-A_Other_DM-1,yuk,A_Other_DM,NotApplicable,,,,,,,
yuk-A_Animacy_Scale-1,yuk,A_Animacy_Scale,NotApplicable,,,,,,,
yuk-A_Pronom_Scale-1,yuk,A_Pronom_Scale,NotApplicable,,,,,,,
yuk-A_Def_Scale-1,yuk,A_Def_Scale,NotApplicable,,,,,,,
yuk-A_Person_Scale-1,yuk,A_Person_Scale,NotApplicable,,,,,,,
yuk-P_Marking_Type-1,yuk,P_Marking_Type,differential,P_Marking_Type-differential,,,,,,
yuk-P_Marking_Contrast-1,yuk,P_Marking_Contrast,zero_nonzero,P_Marking_Contrast-zerononzero,,,,,,
yuk-P_Local_or_Global-1,yuk,P_Local_or_Global,local,P_Local_or_Global-local,,,,,,
yuk-P_Split_or_Fluid-1,yuk,P_Split_or_Fluid,split-fluid,P_Split_or_Fluid-splitfluid,,,,,,
yuk-P_TAM_DM-1,yuk,P_TAM_DM,no,P_TAM_DM-no,,,,,,
yuk-P_WO_DM-1,yuk,P_WO_DM,no,P_WO_DM-no,,,,,,
yuk-P_Other_DM-1,yuk,P_Other_DM,no,P_Other_DM-no,,,,,,
yuk-P_Animacy_Scale-1,yuk,P_Animacy_Scale,fit,,,,,,,
yuk-P_Pronom_Scale-1,yuk,P_Pronom_Scale,none,,,,,,,
yuk-P_Def_Scale-1,yuk,P_Def_Scale,fit,,,,,,,
yuk-P_Person_Scale-1,yuk,P_Person_Scale,none,,,,,,,
qub-A_Marking_Type-1,qub,A_Marking_Type,none,A_Marking_Type-none,,,,,,
qub-A_Marking_Contrast-1,qub,A_Marking_Contrast,NotApplicable,,,,,,,
qub-A_Local_or_Global-1,qub,A_Local_or_Global,NotApplicable,,,,,,,
qub-A_Split_or_Fluid-1,qub,A_Split_or_Fluid,NotApplicable,,,,,,,
qub-A_TAM_DM-1,qub,A_TAM_DM,NotApplicable,,,,,,,
qub-A_WO_DM-1,qub,A_WO_DM,NotApplicable,,,,,,,
qub-A_Other_DM-1,qub,A_Other_DM,NotApplicable,,,,,,,
qub-A_Animacy_Scale-1,qub,A_Animacy_Scale,NotApplicable,,,,,,,
qub-A_Pronom_Scale-1,qub,A_Pronom_Scale,NotApplicable,,,,,,,
qub-A_Def_Scale-1,qub,A_Def_Scale,NotApplicable,,,,,,,
qub-A_Person_Scale-1,qub,A_Person_Scale,NotApplicable,,,,,,,
qub-P_Marking_Type-1,qub,P_Marking_Type,differential,P_Marking_Type-differential,,,,,,
qub-P_Marking_Contrast-1,qub,P_Marking_Contrast,zero_nonzero,P_Marking_Contrast-zerononzero,,,,,,
qub-P_Local_or_Global-1,qub,P_Local_or_Global,local,P_Local_or_Global-local,,,,,,
qub-P_Split_or_Fluid-1,qub,P_Split_or_Fluid,split-fluid,P_Split_or_Fluid-splitfluid,,,,,,
qub-P_TAM_DM-1,qub,P_TAM_DM,no,P_TAM_DM-no,,,,,,
qub-P_WO_DM-1,qub,P_WO_DM,no,P_WO_DM-no,,,,,,
qub-P_Other_DM-1,qub,P_Other_DM,yes,P_Other_DM-yes,,,,,,
qub-P_Animacy_Scale-1,qub,P_Animacy_Scale,none,,,,,,,
qub-P_Pronom_Scale-1,qub,P_Pronom_Scale,none,,,,,,,
qub-P_Def_Scale-1,qub,P_Def_Scale,none,,,,,,,
qub-P_Person_Scale-1,qub,P_Person_Scale,none,,,,,,,
bsk-A_Marking_Type-1,bsk,A_Marking_Type,differential,A_Marking_Type-differential,,,,,,
bsk-A_Marking_Contrast-1,bsk,A_Marking_Contrast,zero_nonzero,A_Marking_Contrast-zerononzero,,,,,,
bsk-A_Local_or_Global-1,bsk,A_Local_or_Global,local,A_Local_or_Global-local,,,,,,
bsk-A_Split_or_Fluid-1,bsk,A_Split_or_Fluid,split-fluid,A_Split_or_Fluid-splitfluid,,,,,,
bsk-A_TAM_DM-1,bsk,A_TAM_DM,yes,A_TAM_DM-yes,,,,,,
bsk-A_WO_DM-1,bsk,A_WO_DM,no,A_WO_DM-no,,,,,,
bsk-A_Other_DM-1,bsk,A_Other_DM,no,A_Other_DM-no,,,,,,
bsk-A_Animacy_Scale-1,bsk,A_Animacy_Scale,none,,,,,,,
bsk-A_Pronom_Scale-1,bsk,A_Pronom_Scale,fit,,,,,,,
bsk-A_Def_Scale-1,bsk,A_Def_Scale,none,,,,,,,
bsk-A_Person_Scale-1,bsk,A_Person_Scale,fit,,,,,,,
bsk-P_Marking_Type-1,bsk,P_Marking_Type,none,P_Marking_Type-none,,,,,,
bsk-P_Marking_Contrast-1,bsk,P_Marking_Contrast,NotApplicable,,,,,,,
bsk-P_Local_or_Global-1,bsk,P_Local_or_Global,NotApplicable,,,,,,,
bsk-P_Split_or_Fluid-1,bsk,P_Split_or_Fluid,NotApplicable,,,,,,,
bsk-P_TAM_DM-1,bsk,P_TAM_DM,NotApplicable,,,,,,,
bsk-P_WO_DM-1,bsk,P_WO_DM,NotApplicable,,,,,,,
bsk-P_Other_DM-1,bsk,P_Other_DM,NotApplicable,,,,,,,
bsk-P_Animacy_Scale-1,bsk,P_Animacy_Scale,NotApplicable,,,,,,,
bsk-P_Pronom_Scale-1,bsk,P_Pronom_Scale,NotApplicable,,,,,,,
bsk-P_Def_Scale-1,bsk,P_Def_Scale,NotApplicable,,,,,,,
bsk-P_Person_Scale-1,bsk,P_Person_Scale,NotApplicable,,,,,,,
agr-A_Marking_Type-1,agr,A_Marking_Type,none,A_Marking_Type-none,,,,,,
agr-A_Marking_Contrast-1,agr,A_Marking_Contrast,NotApplicable,,,,,,,
agr-A_Local_or_Global-1,agr,A_Local_or_Global,NotApplicable,,,,,,,
agr-A_Split_or_Fluid-1,agr,A_Split_or_Fluid,NotApplicable,,,,,,,
agr-A_TAM_DM-1,agr,A_TAM_DM,NotApplicable,,,,,,,
agr-A_WO_DM-1,agr,A_WO_DM,NotApplicable,,,,,,,
agr-A_Other_DM-1,agr,A_Other_DM,NotApplicable,,,,,,,
agr-A_Animacy_Scale-1,agr,A_Animacy_Scale,NotApplicable,,,,,,,
agr-A_Pronom_Scale-1,agr,A_Pronom_Scale,NotApplicable,,,,,,,
agr-A_Def_Scale-1,agr,A_Def_Scale,NotApplicable,,,,,,,
agr-A_Person_Scale-1,agr,A_Person_Scale,NotApplicable,,,,,,,
agr-P_Marking_Type-1,agr,P_Marking_Type,differential,P_Marking_Type-differential,,,,,,
agr-P_Marking_Contrast-1,agr,P_Marking_Contrast,zero_nonzero,P_Marking_Contrast-zerononzero,,,,,,
agr-P_Local_or_Global-1,agr,P_Local_or_Global,global,P_Local_or_Global-global,,,,,,
agr-P_Split_or_Fluid-1,agr,P_Split_or_Fluid,split,P_Split_or_Fluid-split,,,,,,
agr-P_TAM_DM-1,agr,P_TAM_DM,no,P_TAM_DM-no,,,,,,
agr-P_WO_DM-1,agr,P_WO_DM,no,P_WO_DM-no,,,,,,
agr-P_Other_DM-1,agr,P_Other_DM,yes,P_Other_DM-yes,,,,,,
agr-P_Animacy_Scale-1,agr,P_Animacy_Scale,none,,,,,,,
agr-P_Pronom_Scale-1,agr,P_Pronom_Scale,fit,,,,,,,
agr-P_Def_Scale-1,agr,P_Def_Scale,none,,,,,,,
agr-P_Person_Scale-1,agr,P_Person_Scale,fit,,,,,,,
opm-A_Marking_Type-1,opm,A_Marking_Type,none,A_Marking_Type-none,,,,,,
opm-A_Marking_Contrast-1,opm,A_Marking_Contrast,NotApplicable,,,,,,,
opm-A_Local_or_Global-1,opm,A_Local_or_Global,NotApplicable,,,,,,,
opm-A_Split_or_Fluid-1,opm,A_Split_or_Fluid,NotApplicable,,,,,,,
opm-A_TAM_DM-1,opm,A_TAM_DM,NotApplicable,,,,,,,
opm-A_WO_DM-1,opm,A_WO_DM,NotApplicable,,,,,,,
opm-A_Other_DM-1,opm,A_Other_DM,NotApplicable,,,,,,,
opm-A_Animacy_Scale-1,opm,A_Animacy_Scale,NotApplicable,,,,,,,
opm-A_Pronom_Scale-1,opm,A_Pronom_Scale,NotApplicable,,,,,,,
opm-A_Def_Scale-1,opm,A_Def_Scale,NotApplicable,,,,,,,
opm-A_Person_Scale-1,opm,A_Person_Scale,NotApplicable,,,,,,,
opm-P_Marking_Type-1,opm,P_Marking_Type,differential,P_Marking_Type-differential,,,,,,
opm-P_Marking_Contrast-1,opm,P_Marking_Contrast,zero_nonzero,P_Marking_Contrast-zerononzero,,,,,,
opm-P_Local_or_Global-1,opm,P_Local_or_Global,local,P_Local_or_Global-local,,,,,,
opm-P_Split_or_Fluid-1,opm,P_Split_or_Fluid,fluid,P_Split_or_Fluid-fluid,,,,,,
opm-P_TAM_DM-1,opm,P_TAM_DM,no,P_TAM_DM-no,,,,,,
opm-P_WO_DM-1,opm,P_WO_DM,no,P_WO_DM-no,,,,,,
opm-P_Other_DM-1,opm,P_Other_DM,no,P_Other_DM-no,,,,,,
opm-P_Animacy_Scale-1,opm,P_Animacy_Scale,fit,,,,,,,
opm-P_Pronom_Scale-1,opm,P_Pronom_Scale,none,,,,,,,
opm-P_Def_Scale-1,opm,P_Def_Scale,fit,,,,,,,
opm-P_Person_Scale-1,opm,P_Person_Scale,none,,,,,,,
rap-A_Marking_Type-1,rap,A_Marking_Type,differential,A_Marking_Type-differential,,,,,,
rap-A_Marking_Contrast-1,rap,A_Marking_Contrast,zero_nonzero,A_Marking_Contrast-zerononzero,,,,,,
rap-A_Local_or_Global-1,rap,A_Local_or_Global,NotApplicable,,,,,,,
rap-A_Split_or_Fluid-1,rap,A_Split_or_Fluid,split-fluid,A_Split_or_Fluid-splitfluid,,,,,,
rap-A_TAM_DM-1,rap,A_TAM_DM,no,A_TAM_DM-no,,,,,,
rap-A_WO_DM-1,rap,A_WO_DM,yes,A_WO_DM-yes,,,,,,
rap-A_Other_DM-1,rap,A_Other_DM,yes,A_Other_DM-yes,,,,,,
rap-A_Animacy_Scale-1,rap,A_Animacy_Scale,none,,,,,,,
rap-A_Pronom_Scale-1,rap,A_Pronom_Scale,none,,,,,,,
rap-A_Def_Scale-1,rap,A_Def_Scale,none,,,,,,,
rap-A_Person_Scale-1,rap,A_Person_Scale,none,,,,,,,
rap-P_Marking_Type-1,rap,P_Marking_Type,differential,P_Marking_Type-differential,,,,,,
rap-P_Marking_Contrast-1,rap,P_Marking_Contrast,zero_nonzero,P_Marking_Contrast-zerononzero,,,,,,
rap-P_Local_or_Global-1,rap,P_Local_or_Global,local,P_Local_or_Global-local,,,,,,
rap-P_Local_or_Global-2,rap,P_Local_or_Global,global,P_Local_or_Global-global,,,,,,
rap-P_Split_or_Fluid-1,rap,P_Split_or_Fluid,split-fluid,P_Split_or_Fluid-splitfluid,,,,,,
rap-P_TAM_DM-1,rap,P_TAM_DM,yes,P_TAM_DM-yes,,,,,,
rap-P_WO_DM-1,rap,P_WO_DM,yes,P_WO_DM-yes,,,,,,
rap-P_Other_DM-1,rap,P_Other_DM,no,P_Other_DM-no,,,,,,
rap-P_Animacy_Scale-1,rap,P_Animacy_Scale,none,,,,,,,
rap-P_Pronom_Scale-1,rap,P_Pronom_Scale,fit,,,,,,,
rap-P_Def_Scale-1,rap,P_Def_Scale,none,,,,,,,
rap-P_Person_Scale-1,rap,P_Person_Scale,none,,,,,,,
tci-A_Marking_Type-1,tci,A_Marking_Type,stable overt,A_Marking_Type-stableovert,,,,,,
tci-A_Marking_Contrast-1,tci,A_Marking_Contrast,NotApplicable,,,,,,,
tci-A_Local_or_Global-1,tci,A_Local_or_Global,NotApplicable,,,,,,,
tci-A_Split_or_Fluid-1,tci,A_Split_or_Fluid,NotApplicable,,,,,,,
tci-A_TAM_DM-1,tci,A_TAM_DM,NotApplicable,,,,,,,
tci-A_WO_DM-1,tci,A_WO_DM,NotApplicable,,,,,,,
tci-A_Other_DM-1,tci,A_Other_DM,NotApplicable,,,,,,,
tci-A_Animacy_Scale-1,tci,A_Animacy_Scale,NotApplicable,,,,,,,
tci-A_Pronom_Scale-1,tci,A_Pronom_Scale,NotApplicable,,,,,,,
tci-A_Def_Scale-1,tci,A_Def_Scale,NotApplicable,,,,,,,
tci-A_Person_Scale-1,tci,A_Person_Scale,NotApplicable,,,,,,,
tci-P_Marking_Type-1,tci,P_Marking_Type,differential,P_Marking_Type-differential,,,,,,
tci-P_Marking_Contrast-1,tci,P_Marking_Contrast,zero_nonzero,P_Marking_Contrast-zerononzero,,,,,,
tci-P_Local_or_Global-1,tci,P_Local_or_Global,local,P_Local_or_Global-local,,,,,,
tci-P_Split_or_Fluid-1,tci,P_Split_or_Fluid,split-fluid,P_Split_or_Fluid-splitfluid,,,,,,
tci-P_TAM_DM-1,tci,P_TAM_DM,no,P_TAM_DM-no,,,,,,
tci-P_WO_DM-1,tci,P_WO_DM,no,P_WO_DM-no,,,,,,
tci-P_Other_DM-1,tci,P_Other_DM,no,P_Other_DM-no,,,,,,
tci-P_Animacy_Scale-1,tci,P_Animacy_Scale,fit,,,,,,,
tci-P_Pronom_Scale-1,tci,P_Pronom_Scale,none,,,,,,,
tci-P_Def_Scale-1,tci,P_Def_Scale,none,,,,,,,
tci-P_Person_Scale-1,tci,P_Person_Scale,none,,,,,,,
ikx-A_Marking_Type-1,ikx,A_Marking_Type,differential,A_Marking_Type-differential,,,,,,
ikx-A_Marking_Contrast-1,ikx,A_Marking_Contrast,stem_length,A_Marking_Contrast-stemlength,,,,,,
ikx-A_Local_or_Global-1,ikx,A_Local_or_Global,NotApplicable,,,,,,,
ikx-A_Split_or_Fluid-1,ikx,A_Split_or_Fluid,split,A_Split_or_Fluid-split,,,,,,
ikx-A_TAM_DM-1,ikx,A_TAM_DM,NotApplicable,,,,,,,
ikx-A_WO_DM-1,ikx,A_WO_DM,NotApplicable,,,,,,,
ikx-A_Other_DM-1,ikx,A_Other_DM,yes,A_Other_DM-yes,,,,,,
ikx-A_Animacy_Scale-1,ikx,A_Animacy_Scale,none,,,,,,,
ikx-A_Pronom_Scale-1,ikx,A_Pronom_Scale,none,,,,,,,
ikx-A_Def_Scale-1,ikx,A_Def_Scale,none,,,,,,,
ikx-A_Person_Scale-1,ikx,A_Person_Scale,none,,,,,,,
ikx-P_Marking_Type-1,ikx,P_Marking_Type,differential,P_Marking_Type-differential,,,,,,
ikx-P_Marking_Contrast-1,ikx,P_Marking_Contrast,stem_length,P_Marking_Contrast-stemlength,,,,,,
ikx-P_Local_or_Global-1,ikx,P_Local_or_Global,global,P_Local_or_Global-global,,,,,,
ikx-P_Split_or_Fluid-1,ikx,P_Split_or_Fluid,split,P_Split_or_Fluid-split,,,,,,
ikx-P_TAM_DM-1,ikx,P_TAM_DM,NotApplicable,,,,,,,
ikx-P_WO_DM-1,ikx,P_WO_DM,NotApplicable,,,,,,,
ikx-P_Other_DM-1,ikx,P_Other_DM,yes,P_Other_DM-yes,,,,,,
ikx-P_Animacy_Scale-1,ikx,P_Animacy_Scale,none,,,,,,,
ikx-P_Pronom_Scale-1,ikx,P_Pronom_Scale,none,,,,,,,
ikx-P_Def_Scale-1,ikx,P_Def_Scale,none,,,,,,,
ikx-P_Person_Scale-1,ikx,P_Person_Scale,fit,,,,,,,
kxc-A_Marking_Type-1,kxc,A_Marking_Type,differential,A_Marking_Type-differential,,,,,,
kxc-A_Marking_Contrast-1,kxc,A_Marking_Contrast,zero_nonzero,A_Marking_Contrast-zerononzero,,,,,,
kxc-A_Local_or_Global-1,kxc,A_Local_or_Global,local,A_Local_or_Global-local,,,,,,
kxc-A_Split_or_Fluid-1,kxc,A_Split_or_Fluid,split,A_Split_or_Fluid-split,,,,,,
kxc-A_TAM_DM-1,kxc,A_TAM_DM,no,A_TAM_DM-no,,,,,,
kxc-A_WO_DM-1,kxc,A_WO_DM,no,A_WO_DM-no,,,,,,
kxc-A_Other_DM-1,kxc,A_Other_DM,yes,A_Other_DM-yes,,,,,,
kxc-A_Animacy_Scale-1,kxc,A_Animacy_Scale,none,,,,,,,
kxc-A_Pronom_Scale-1,kxc,A_Pronom_Scale,viol,,,,,,,
kxc-A_Def_Scale-1,kxc,A_Def_Scale,none,,,,,,,
kxc-A_Person_Scale-1,kxc,A_Person_Scale,none,,,,,,,
kxc-P_Marking_Type-1,kxc,P_Marking_Type,differential,P_Marking_Type-differential,,,,,,
kxc-P_Marking_Contrast-1,kxc,P_Marking_Contrast,zero_nonzero,P_Marking_Contrast-zerononzero,,,,,,
kxc-P_Local_or_Global-1,kxc,P_Local_or_Global,local,P_Local_or_Global-local,,,,,,
kxc-P_Split_or_Fluid-1,kxc,P_Split_or_Fluid,split,P_Split_or_Fluid-split,,,,,,
kxc-P_TAM_DM-1,kxc,P_TAM_DM,no,P_TAM_DM-no,,,,,,
kxc-P_WO_DM-1,kxc,P_WO_DM,no,P_WO_DM-no,,,,,,
kxc-P_Other_DM-1,kxc,P_Other_DM,yes,P_Other_DM-yes,,,,,,
kxc-P_Animacy_Scale-1,kxc,P_Animacy_Scale,none,,,,,,,
kxc-P_Pronom_Scale-1,kxc,P_Pronom_Scale,none,,,,,,,
kxc-P_Def_Scale-1,kxc,P_Def_Scale,none,,,,,,,
kxc-P_Person_Scale-1,kxc,P_Person_Scale,none,,,,,,,
sci-A_Marking_Type-1,sci,A_Marking_Type,differential,A_Marking_Type-differential,,,,,,
sci-A_Marking_Contrast-1,sci,A_Marking_Contrast,zero_nonzero,A_Marking_Contrast-zerononzero,,,,,,
sci-A_Local_or_Global-1,sci,A_Local_or_Global,local,A_Local_or_Global-local,,,,,,
sci-A_Split_or_Fluid-1,sci,A_Split_or_Fluid,split,A_Split_or_Fluid-split,,,,,,
sci-A_TAM_DM-1,sci,A_TAM_DM,no,A_TAM_DM-no,,,,,,
sci-A_WO_DM-1,sci,A_WO_DM,no,A_WO_DM-no,,,,,,
sci-A_Other_DM-1,sci,A_Other_DM,no,A_Other_DM-no,,,,,,
sci-A_Animacy_Scale-1,sci,A_Animacy_Scale,none,,,,,,,
sci-A_Pronom_Scale-1,sci,A_Pronom_Scale,none,,,,,,,
sci-A_Def_Scale-1,sci,A_Def_Scale,none,,,,,,,
sci-A_Person_Scale-1,sci,A_Person_Scale,none,,,,,,,
sci-P_Marking_Type-1,sci,P_Marking_Type,differential,P_Marking_Type-differential,,,,,,
sci-P_Marking_Contrast-1,sci,P_Marking_Contrast,zero_nonzero,P_Marking_Contrast-zerononzero,,,,,,
sci-P_Local_or_Global-1,sci,P_Local_or_Global,local,P_Local_or_Global-local,,,,,,
sci-P_Split_or_Fluid-1,sci,P_Split_or_Fluid,fluid,P_Split_or_Fluid-fluid,,,,,,
sci-P_TAM_DM-1,sci,P_TAM_DM,no,P_TAM_DM-no,,,,,,
sci-P_WO_DM-1,sci,P_WO_DM,no,P_WO_DM-no,,,,,,
sci-P_Other_DM-1,sci,P_Other_DM,no,P_Other_DM-no,,,,,,
sci-P_Animacy_Scale-1,sci,P_Animacy_Scale,fit,,,,,,,
sci-P_Pronom_Scale-1,sci,P_Pronom_Scale,none,,,,,,,
sci-P_Def_Scale-1,sci,P_Def_Scale,fit,,,,,,,
sci-P_Person_Scale-1,sci,P_Person_Scale,none,,,,,,,
gjr-A_Marking_Type-1,gjr,A_Marking_Type,differential,A_Marking_Type-differential,,,,,,
gjr-A_Marking_Contrast-1,gjr,A_Marking_Contrast,zero_nonzero,A_Marking_Contrast-zerononzero,,,,,,
gjr-A_Local_or_Global-1,gjr,A_Local_or_Global,local,A_Local_or_Global-local,,,,,,
gjr-A_Local_or_Global-2,gjr,A_Local_or_Global,global,A_Local_or_Global-global,,,,,,
gjr-A_Split_or_Fluid-1,gjr,A_Split_or_Fluid,split-fluid,A_Split_or_Fluid-splitfluid,,,,,,
gjr-A_TAM_DM-1,gjr,A_TAM_DM,yes,A_TAM_DM-yes,,,,,,
gjr-A_WO_DM-1,gjr,A_WO_DM,yes,A_WO_DM-yes,,,,,,
gjr-A_Other_DM-1,gjr,A_Other_DM,no,A_Other_DM-no,,,,,,
gjr-A_Animacy_Scale-1,gjr,A_Animacy_Scale,fit,,,,,,,
gjr-A_Pronom_Scale-1,gjr,A_Pronom_Scale,none,,,,,,,
gjr-A_Def_Scale-1,gjr,A_Def_Scale,none,,,,,,,
gjr-A_Person_Scale-1,gjr,A_Person_Scale,none,,,,,,,
gjr-P_Marking_Type-1,gjr,P_Marking_Type,none,P_Marking_Type-none,,,,,,
gjr-P_Marking_Contrast-1,gjr,P_Marking_Contrast,NotApplicable,,,,,,,
gjr-P_Local_or_Global-1,gjr,P_Local_or_Global,NotApplicable,,,,,,,
gjr-P_Split_or_Fluid-1,gjr,P_Split_or_Fluid,NotApplicable,,,,,,,
gjr-P_TAM_DM-1,gjr,P_TAM_DM,NotApplicable,,,,,,,
gjr-P_WO_DM-1,gjr,P_WO_DM,NotApplicable,,,,,,,
gjr-P_Other_DM-1,gjr,P_Other_DM,NotApplicable,,,,,,,
gjr-P_Animacy_Scale-1,gjr,P_Animacy_Scale,NotApplicable,,,,,,,
gjr-P_Pronom_Scale-1,gjr,P_Pronom_Scale,NotApplicable,,,,,,,
gjr-P_Def_Scale-1,gjr,P_Def_Scale,NotApplicable,,,,,,,
gjr-P_Person_Scale-1,gjr,P_Person_Scale,NotApplicable,,,,,,,
cbv-A_Marking_Type-1,cbv,A_Marking_Type,none,A_Marking_Type-none,,,,,,
cbv-A_Marking_Contrast-1,cbv,A_Marking_Contrast,NotApplicable,,,,,,,
cbv-A_Local_or_Global-1,cbv,A_Local_or_Global,NotApplicable,,,,,,,
cbv-A_Split_or_Fluid-1,cbv,A_Split_or_Fluid,NotApplicable,,,,,,,
cbv-A_TAM_DM-1,cbv,A_TAM_DM,NotApplicable,,,,,,,
cbv-A_WO_DM-1,cbv,A_WO_DM,NotApplicable,,,,,,,
cbv-A_Other_DM-1,cbv,A_Other_DM,NotApplicable,,,,,,,
cbv-A_Animacy_Scale-1,cbv,A_Animacy_Scale,NotApplicable,,,,,,,
cbv-A_Pronom_Scale-1,cbv,A_Pronom_Scale,NotApplicable,,,,,,,
cbv-A_Def_Scale-1,cbv,A_Def_Scale,NotApplicable,,,,,,,
cbv-A_Person_Scale-1,cbv,A_Person_Scale,NotApplicable,,,,,,,
cbv-P_Marking_Type-1,cbv,P_Marking_Type,differential,P_Marking_Type-differential,,,,,,
cbv-P_Marking_Contrast-1,cbv,P_Marking_Contrast,zero_nonzero,P_Marking_Contrast-zerononzero,,,,,,
cbv-P_Local_or_Global-1,cbv,P_Local_or_Global,global,P_Local_or_Global-global,,,,,,
cbv-P_Split_or_Fluid-1,cbv,P_Split_or_Fluid,split-fluid,P_Split_or_Fluid-splitfluid,,,,,,
cbv-P_TAM_DM-1,cbv,P_TAM_DM,no,P_TAM_DM-no,,,,,,
cbv-P_WO_DM-1,cbv,P_WO_DM,yes,P_WO_DM-yes,,,,,,
cbv-P_Other_DM-1,cbv,P_Other_DM,no,P_Other_DM-no,,,,,,
cbv-P_Animacy_Scale-1,cbv,P_Animacy_Scale,fit,,,,,,,
cbv-P_Pronom_Scale-1,cbv,P_Pronom_Scale,fit,,,,,,,
cbv-P_Def_Scale-1,cbv,P_Def_Scale,fit,,,,,,,
cbv-P_Person_Scale-1,cbv,P_Person_Scale,none,,,,,,,
heb-A_Marking_Type-1,heb,A_Marking_Type,none,A_Marking_Type-none,,,,,,
heb-A_Marking_Contrast-1,heb,A_Marking_Contrast,NotApplicable,,,,,,,
heb-A_Local_or_Global-1,heb,A_Local_or_Global,NotApplicable,,,,,,,
heb-A_Split_or_Fluid-1,heb,A_Split_or_Fluid,NotApplicable,,,,,,,
heb-A_TAM_DM-1,heb,A_TAM_DM,NotApplicable,,,,,,,
heb-A_WO_DM-1,heb,A_WO_DM,NotApplicable,,,,,,,
heb-A_Other_DM-1,heb,A_Other_DM,NotApplicable,,,,,,,
heb-A_Animacy_Scale-1,heb,A_Animacy_Scale,NotApplicable,,,,,,,
heb-A_Pronom_Scale-1,heb,A_Pronom_Scale,NotApplicable,,,,,,,
heb-A_Def_Scale-1,heb,A_Def_Scale,NotApplicable,,,,,,,
heb-A_Person_Scale-1,heb,A_Person_Scale,NotApplicable,,,,,,,
heb-P_Marking_Type-1,heb,P_Marking_Type,differential,P_Marking_Type-differential,,,,,,
heb-P_Marking_Contrast-1,heb,P_Marking_Contrast,zero_nonzero,P_Marking_Contrast-zerononzero,,,,,,
heb-P_Local_or_Global-1,heb,P_Local_or_Global,local,P_Local_or_Global-local,,,,,,
heb-P_Split_or_Fluid-1,heb,P_Split_or_Fluid,split,P_Split_or_Fluid-split,,,,,,
heb-P_TAM_DM-1,heb,P_TAM_DM,no,P_TAM_DM-no,,,,,,
heb-P_WO_DM-1,heb,P_WO_DM,no,P_WO_DM-no,,,,,,
heb-P_Other_DM-1,heb,P_Other_DM,no,P_Other_DM-no,,,,,,
heb-P_Animacy_Scale-1,heb,P_Animacy_Scale,none,,,,,,,
heb-P_Pronom_Scale-1,heb,P_Pronom_Scale,fit,,,,,,,
heb-P_Def_Scale-1,heb,P_Def_Scale,fit,,,,,,,
heb-P_Person_Scale-1,heb,P_Person_Scale,none,,,,,,,
pes-A_Marking_Type-1,pes,A_Marking_Type,none,A_Marking_Type-none,,,,,,
pes-A_Marking_Contrast-1,pes,A_Marking_Contrast,NotApplicable,,,,,,,
pes-A_Local_or_Global-1,pes,A_Local_or_Global,NotApplicable,,,,,,,
pes-A_Split_or_Fluid-1,pes,A_Split_or_Fluid,NotApplicable,,,,,,,
pes-A_TAM_DM-1,pes,A_TAM_DM,NotApplicable,,,,,,,
pes-A_WO_DM-1,pes,A_WO_DM,NotApplicable,,,,,,,
pes-A_Other_DM-1,pes,A_Other_DM,NotApplicable,,,,,,,
pes-A_Animacy_Scale-1,pes,A_Animacy_Scale,NotApplicable,,,,,,,
pes-A_Pronom_Scale-1,pes,A_Pronom_Scale,NotApplicable,,,,,,,
pes-A_Def_Scale-1,pes,A_Def_Scale,NotApplicable,,,,,,,
pes-A_Person_Scale-1,pes,A_Person_Scale,NotApplicable,,,,,,,
pes-P_Marking_Type-1,pes,P_Marking_Type,differential,P_Marking_Type-differential,,,,,,
pes-P_Marking_Contrast-1,pes,P_Marking_Contrast,zero_nonzero,P_Marking_Contrast-zerononzero,,,,,,
pes-P_Local_or_Global-1,pes,P_Local_or_Global,local,P_Local_or_Global-local,,,,,,
pes-P_Split_or_Fluid-1,pes,P_Split_or_Fluid,split-fluid,P_Split_or_Fluid-splitfluid,,,,,,
pes-P_TAM_DM-1,pes,P_TAM_DM,no,P_TAM_DM-no,,,,,,
pes-P_WO_DM-1,pes,P_WO_DM,no,P_WO_DM-no,,,,,,
pes-P_Other_DM-1,pes,P_Other_DM,no,P_Other_DM-no,,,,,,
pes-P_Animacy_Scale-1,pes,P_Animacy_Scale,fit,,,,,,,
pes-P_Pronom_Scale-1,pes,P_Pronom_Scale,fit,,,,,,,
pes-P_Def_Scale-1,pes,P_Def_Scale,fit,,,,,,,
pes-P_Person_Scale-1,pes,P_Person_Scale,none,,,,,,,
esu-A_Marking_Type-1,esu,A_Marking_Type,differential,A_Marking_Type-differential,,,,,,
esu-A_Marking_Contrast-1,esu,A_Marking_Contrast,marker_length,A_Marking_Contrast-markerlength,,,,,,
esu-A_Local_or_Global-1,esu,A_Local_or_Global,local,A_Local_or_Global-local,,,,,,
esu-A_Split_or_Fluid-1,esu,A_Split_or_Fluid,split,A_Split_or_Fluid-split,,,,,,
esu-A_TAM_DM-1,esu,A_TAM_DM,no,A_TAM_DM-no,,,,,,
esu-A_WO_DM-1,esu,A_WO_DM,no,A_WO_DM-no,,,,,,
esu-A_Other_DM-1,esu,A_Other_DM,no,A_Other_DM-no,,,,,,
esu-A_Animacy_Scale-1,esu,A_Animacy_Scale,none,,,,,,,
esu-A_Pronom_Scale-1,esu,A_Pronom_Scale,none,,,,,,,
esu-A_Def_Scale-1,esu,A_Def_Scale,none,,,,,,,
esu-A_Person_Scale-1,esu,A_Person_Scale,fit,,,,,,,
esu-P_Marking_Type-1,esu,P_Marking_Type,differential,P_Marking_Type-differential,,,,,,
esu-P_Marking_Contrast-1,esu,P_Marking_Contrast,zero_nonzero,P_Marking_Contrast-zerononzero,,,,,,
esu-P_Marking_Contrast-2,esu,P_Marking_Contrast,marker_length,P_Marking_Contrast-markerlength,,,,,,
esu-P_Local_or_Global-1,esu,P_Local_or_Global,local,P_Local_or_Global-local,,,,,,
esu-P_Split_or_Fluid-1,esu,P_Split_or_Fluid,split,P_Split_or_Fluid-split,,,,,,
esu-P_TAM_DM-1,esu,P_TAM_DM,no,P_TAM_DM-no,,,,,,
esu-P_WO_DM-1,esu,P_WO_DM,no,P_WO_DM-no,,,,,,
esu-P_Other_DM-1,esu,P_Other_DM,no,P_Other_DM-no,,,,,,
esu-P_Animacy_Scale-1,esu,P_Animacy_Scale,none,,,,,,,
esu-P_Pronom_Scale-1,esu,P_Pronom_Scale,none,,,,,,,
esu-P_Def_Scale-1,esu,P_Def_Scale,none,,,,,,,
esu-P_Person_Scale-1,esu,P_Person_Scale,fit,,,,,,,
dhi-A_Marking_Type-1,dhi,A_Marking_Type,none,A_Marking_Type-none,,,,,,
dhi-A_Marking_Contrast-1,dhi,A_Marking_Contrast,NotApplicable,,,,,,,
dhi-A_Local_or_Global-1,dhi,A_Local_or_Global,NotApplicable,,,,,,,
dhi-A_Split_or_Fluid-1,dhi,A_Split_or_Fluid,NotApplicable,,,,,,,
dhi-A_TAM_DM-1,dhi,A_TAM_DM,NotApplicable,,,,,,,
dhi-A_WO_DM-1,dhi,A_WO_DM,NotApplicable,,,,,,,
dhi-A_Other_DM-1,dhi,A_Other_DM,NotApplicable,,,,,,,
dhi-A_Animacy_Scale-1,dhi,A_Animacy_Scale,NotApplicable,,,,,,,
dhi-A_Pronom_Scale-1,dhi,A_Pronom_Scale,NotApplicable,,,,,,,
dhi-A_Def_Scale-1,dhi,A_Def_Scale,NotApplicable,,,,,,,
dhi-A_Person_Scale-1,dhi,A_Person_Scale,NotApplicable,,,,,,,
dhi-P_Marking_Type-1,dhi,P_Marking_Type,differential,P_Marking_Type-differential,,,,,,
dhi-P_Marking_Contrast-1,dhi,P_Marking_Contrast,zero_nonzero,P_Marking_Contrast-zerononzero,,,,,,
dhi-P_Local_or_Global-1,dhi,P_Local_or_Global,local,P_Local_or_Global-local,,,,,,
dhi-P_Local_or_Global-2,dhi,P_Local_or_Global,global,P_Local_or_Global-global,,,,,,
dhi-P_Split_or_Fluid-1,dhi,P_Split_or_Fluid,fluid,P_Split_or_Fluid-fluid,,,,,,
dhi-P_TAM_DM-1,dhi,P_TAM_DM,no,P_TAM_DM-no,,,,,,
dhi-P_WO_DM-1,dhi,P_WO_DM,no,P_WO_DM-no,,,,,,
dhi-P_Other_DM-1,dhi,P_Other_DM,yes,P_Other_DM-yes,,,,,,
dhi-P_Animacy_Scale-1,dhi,P_Animacy_Scale,fit,,,,,,,
dhi-P_Pronom_Scale-1,dhi,P_Pronom_Scale,none,,,,,,,
dhi-P_Def_Scale-1,dhi,P_Def_Scale,fit,,,,,,,
dhi-P_Person_Scale-1,dhi,P_Person_Scale,none,,,,,,,
cng-A_Marking_Type-1,cng,A_Marking_Type,differential,A_Marking_Type-differential,,,,,,
cng-A_Marking_Contrast-1,cng,A_Marking_Contrast,zero_nonzero,A_Marking_Contrast-zerononzero,,,,,,
cng-A_Local_or_Global-1,cng,A_Local_or_Global,global,A_Local_or_Global-global,,,,,,
cng-A_Split_or_Fluid-1,cng,A_Split_or_Fluid,fluid,A_Split_or_Fluid-fluid,,,,,,
cng-A_Split_or_Fluid-2,cng,A_Split_or_Fluid,split,A_Split_or_Fluid-split,,,,,,
cng-A_TAM_DM-1,cng,A_TAM_DM,no,A_TAM_DM-no,,,,,,
cng-A_WO_DM-1,cng,A_WO_DM,yes,A_WO_DM-yes,,,,,,
cng-A_Other_DM-1,cng,A_Other_DM,yes,A_Other_DM-yes,,,,,,
cng-A_Animacy_Scale-1,cng,A_Animacy_Scale,fit,,,,,,,
cng-A_Pronom_Scale-1,cng,A_Pronom_Scale,none,,,,,,,
cng-A_Def_Scale-1,cng,A_Def_Scale,none,,,,,,,
cng-A_Person_Scale-1,cng,A_Person_Scale,fit,,,,,,,
cng-P_Marking_Type-1,cng,P_Marking_Type,differential,P_Marking_Type-differential,,,,,,
cng-P_Marking_Contrast-1,cng,P_Marking_Contrast,zero_nonzero,P_Marking_Contrast-zerononzero,,,,,,
cng-P_Local_or_Global-1,cng,P_Local_or_Global,local,P_Local_or_Global-local,,,,,,
cng-P_Local_or_Global-2,cng,P_Local_or_Global,global,P_Local_or_Global-global,,,,,,
cng-P_Split_or_Fluid-1,cng,P_Split_or_Fluid,NotApplicable,,,,,,,
cng-P_TAM_DM-1,cng,P_TAM_DM,NotApplicable,,,,,,,
cng-P_WO_DM-1,cng,P_WO_DM,NotApplicable,,,,,,,
cng-P_Other_DM-1,cng,P_Other_DM,NotApplicable,,,,,,,
cng-P_Animacy_Scale-1,cng,P_Animacy_Scale,fit,,,,,,,
cng-P_Pronom_Scale-1,cng,P_Pronom_Scale,none,,,,,,,
cng-P_Def_Scale-1,cng,P_Def_Scale,none,,,,,,,
cng-P_Person_Scale-1,cng,P_Person_Scale,none,,,,,,,
jup_01,jup,P_Marker,ăn,,,epps_grammar_2008[173];epps_grammar_2008[176];epps_grammar_2008[175];epps_grammar_2008[174],,Suffix,SG,jup01;jup03;jup04;jup05
jup_02,jup,P_Marker,n'ăn,,,epps_grammar_2008[178],,Suffix,PL,jup02
she_01,she,P_Marker,əra,,,hellenthal_grammar_2010[258],,Suffix,After consonants,she01
she_02,she,P_Marker,ra,,,hellenthal_grammar_2010[259],,Suffix,After vowels,she02
she_03,she,P_Marker,a,,,,,Suffix,Possible after word-final s,
she_04,she,P_Marker,ana,,,,,Suffix,Regional; After consonants,
she_05,she,P_Marker,ara,,,hellenthal_grammar_2010[259],,Suffix,After consonants,she03
kor_01,kor,A_Marker,ga,,,,,Enclitic,Agent&After vowels,
kor_02,kor,A_Marker,i,,,lee_quantitative_2009[49];lee_quantitative_2009[49],,Enclitic,Agent&After consonants,kor04;kor03
kor_03,kor,A_Marker,neun,,,kwon_differential_2008[259],,Enclitic,Topic&After vowels,kor05
kor_04,kor,A_Marker,eun,,,,,Enclitic,Topic&After consonants,
kor_05,kor,P_Marker,leul,,,kwon_differential_2008[263];kwon_differential_2008[263],,Enclitic,After vowels,kor01;kor06
kor_06,kor,P_Marker,eul,,,lee_quantitative_2009[43],,Enclitic,After consonants,kor02
rap_01,rap,A_Marker,e,,,kieviet_grammar_2017[379];kieviet_grammar_2017[379];kieviet_grammar_2017[382];kieviet_grammar_2017[383],,Preposition,All,rap03;rap04;rap01;rap02
rap_02,rap,P_Marker,i,,,kieviet_grammar_2017[391];kieviet_grammar_2017[391];kieviet_grammar_2017[392];kieviet_grammar_2017[392];kieviet_grammar_2017[392];kieviet_grammar_2017[386];kieviet_grammar_2017[393];kieviet_grammar_2017[395],,Preposition,Mostly non-experiential verbs,rap11;rap07;rap09;rap06;rap05;rap13;rap12;rap08
rap_03,rap,P_Marker,ki,,,kieviet_grammar_2017[392],,Preposition,Mostly experiential verbs,rap10
rmt_01,rmt,P_Marker,a,,,,,Suffix,Noun declension classes 5+6&Singular,
rmt_02,rmt,P_Marker,as,,,,,Suffix,Noun declension classes 1+2+3&Singular,
rmt_03,rmt,P_Marker,an,,,,,Suffix,PL,
rmt_04,rmt,P_Marker,ē,,,,,Suffix,Noun declension classes 7+8&SG,
rmt_05,rmt,P_Marker,ī,,,matras_grammar_2012[129];matras_grammar_2012[139],,Suffix,Noun declension classes 4+9&SG,rmt01;rmt02
komnzo_01,tci,A_Marker,é,,,dohler_grammar_2018[141],,Enclitic,PL&ANIMATE&After consonants,komnzo01
komnzo_02,tci,A_Marker,yé,,,,,Enclitic,PL&ANIMATE&After vowels,
komnzo_03,tci,A_Marker,f,,,,,Enclitic,SG&ANIMATE;INANIMATE,
komnzo_04,tci,P_Marker,é,,,,,Enclitic,PL&ANIMATE&After consonants,
komnzo_05,tci,P_Marker,yé,,,dohler_grammar_2018[141],,Enclitic,PL&ANIMATE&After vowels,komnzo02
ude_01,ude,P_Marker,wA,,,nikolaeva_grammar_2001[120],,Suffix,Class I declensions,ude03
ude_02,ude,P_Marker,mA,,,nikolaeva_grammar_2001[122];nikolaeva_grammar_2001[122];nikolaeva_grammar_2001[123];nikolaeva_grammar_2001[121];nikolaeva_grammar_2001[775],,Suffix,Class II declensions,ude01;ude02;ude04;ude05;ude06
opm_01,opm,P_Marker,nuŋ,,,loughnane_grammar_2009[159],,Enclitic,Idiolectal variant,opm01
opm_02,opm,P_Marker,nəŋ,,,,,Enclitic,Idiolectal variant,
opm_03,opm,P_Marker,nənəŋ,,,,,Enclitic,Idiolectal variant,
opm_04,opm,P_Marker,nunuŋ,,,,,Enclitic,Idiolectal variant,
opm_05,opm,P_Marker,noŋ,,,,,Enclitic,Idiolectal variant,
opm_06,opm,P_Marker,nonoŋ,,,loughnane_grammar_2009[159],,Enclitic,Idiolectal variant,opm02
ybh_01,ybh,A_Marker,ŋa,,,schackow_grammar_2015[130],,Enclitic,All,ybh01
css_01,css,P_Marker,e,,,ocrand_mutsun_1977[150],,Suffix,After sonorants; After sibilants,css01
css_02,css,P_Marker,se,,,,,Suffix,After obstruents; After non-sibilants,
css_03,css,P_Marker,s,,,,,Suffix,After obstruents; After non-sibilants,
agr_01,agr,P_Marker,na,,,overall_grammar_2007[444];overall_grammar_2007[215],,Suffix,All,agr01;agr02
ikx_01,ikx,A_Marker,a,,,schrock_ik_2017[527],,Suffix; Subtracts final vowels,Within a string of speech,ikx01
ikx_02,ikx,A_Marker,ᵃ,,,,,Suffix,At the end of a string of speech,
ikx_03,ikx,P_Marker,a,,,schrock_ik_2017[527],,Suffix; Does not subtract final vowels,Within a string of speech,ikx04
ikx_04,ikx,P_Marker,kᵃ,,,,,Suffix,At the end of a string of speech,
ikx_05,ikx,A_Marker,a,,,schrock_ik_2017[528],,Suffix; Does not subtract final vowels,Within a string of speech,ikx02
ikx_06,ikx,A_Marker,kᵃ,,,,,Suffix,At the end of a string of speech,
ikx_07,ikx,P_Marker,a,,,schrock_ik_2017[527],,Suffix; Subtracts final vowels,Within a string of speech,ikx03
ikx_08,ikx,P_Marker,ᵃ,,,,,Suffix,At the end of a string of speech,
qub_01,qub,P_Marker,ta,,,weber_grammar_1989[11];weber_grammar_1989[176],,Suffix,All,qub01;qub02
bsk_01,bsk,A_Marker,e,,,yoshioka_reference_2012[52];yoshioka_reference_2012[53];yoshioka_reference_2012[248],,Suffix,All,bsk01;bsk03;bsk02
dzg_01,dzg,A_Marker,ì,,,,,Enclitic,After [+ATR] stems,
dzg_02,dzg,A_Marker,ɪ,,,walters_grammar_2015[129];walters_grammar_2015[183],,Enclitic,After [−ATR] stems,dzg01;dzg04
dzg_03,dzg,P_Marker,gà,,,walters_grammar_2015[134];walters_grammar_2015[135],,Enclitic,Idiolectal variant,dzg02;dzg03
dzg_04,dzg,P_Marker,ŋà,,,,,Enclitic,Idiolectal variant,
yuk_01,yuk,P_Marker,ą,,,balodis_yuki_2011[143];balodis_yuki_2011[252],,Enclitic,Predominant variant,yuk01;yuk02
yuk_02,yuk,P_Marker,a,,,,,Enclitic,Idiolectal variant,
khv_01,khv,A_Marker,i,,,khalilova_grammar_2009[68];khalilova_grammar_2009[68],,Suffix,All,khv01;khv02
kxc_03,kxc,P_Marker,high tone,,,,,Tone,All,
kxc_02,kxc,A_Marker,low tone,,,orkaydo_grammar_2013[115];orkaydo_grammar_2013[115],,Tone,All,kxc04;kxc03
kxc_01,kxc,A_Marker,ʔ,,,orkaydo_grammar_2013[113];orkaydo_grammar_2013[118],,Suffix,All,kxc01;kxc02
sci_01,sci,A_Marker,dering,,,nordhoff_grammar_2009[563];nordhoff_grammar_2009[562],,Postposition,All,sci03;sci04
sci_02,sci,P_Marker,yang,,,nordhoff_grammar_2009[331];nordhoff_grammar_2009[331],,Postposition,"Accusative; with ""general-purpose"" verbs, e.g. take, put.",sci01;sci02
sci_03,sci,P_Marker,nang,,,,,Postposition,"Dative; with verbs that affect humans or other animate entities, e.g. hit, stab, shoot",
mem_01,mem,A_Marker,ngku,,,,,Suffix,SG&Less than three syllables&After vowels,
mem_02,mem,A_Marker,tu,,,,,Suffix,"SG&After [+apical, −rhotic] consonants",
mem_03,mem,A_Marker,ju,,,agnew_core_2020[74],,Suffix,SG&After [+rhotic] consonants; Singular&After [−apical] consonants; SG&Three or more syllables&After vowels,mem01
mem_04,mem,A_Marker,yaru,,,,,Suffix,PL,
mem_05,mem,A_Marker,aru,,,,,Suffix,Possible after PL&Morphemes that end in a [+high] vowel and when this vowel is deleted by the optional vowel + glide segment deletion rule; Possible after PL&Morphemes that end in a vowel and when this vowel is deleted by the vowel reduction rule,
gjr_01,gjr,A_Marker,ngku,,,meakins_case-marking_2008[300],,Suffix,After vowels,gjr03
gjr_02,gjr,A_Marker,tu,,,meakins_case-marking_2008[301];meakins_case-marking_2008[296],,Suffix,After consonants,gjr01;gjr02
cbv_01,cbv,P_Marker,diʔ,,,bolanos_grammar_2016[194];bolanos_grammar_2016[203];bolanos_grammar_2016[306],,Enclitic,All,cbv01;cbv03;cbv02
heb_01,heb,P_Marker,et,,,aissen_differential_2003[453];aissen_differential_2003[453],,Preposition,All,heb01;heb02
pes_01,pes,P_Marker,râ,,,aissen_differential_2003[468];aissen_differential_2003[469];aissen_differential_2003[469],,Suffix,All,pes01;pes02;pes03
esu_01,esu,A_Marker,m,,,,,Suffix,SG&Unpossessed nominal&Free NP,
esu_02,esu,A_Marker,t,,,,,Suffix,PL&Unpossessed nominal&Free NP,
esu_03,esu,A_Marker,ɣ,,,,,Suffix,Dual&Unpossessed nominal&Free NP,
esu_04,esu,P_Marker,t,,,miyaoka_grammar_2012[733],,Suffix,PL&Unpossessed nominal&Free NP,esu02
esu_05,esu,P_Marker,ɣ,,,miyaoka_grammar_2012[732],,Suffix,Dual&Unpossessed nominal&Free NP,esu01
esu_06,esu,A_Marker,mi,,,miyaoka_grammar_2012[788],,Suffix,NOUN with 1st or 2nd person referents,esu03
esu_07,esu,P_Marker,mi,,,miyaoka_grammar_2012[788],,Suffix,NOUN with 1st or 2nd person referents,esu04
dhi_01,dhi,P_Marker,heŋ,,,king_grammar_2008[88];king_grammar_2008[89];king_grammar_2008[88];king_grammar_2008[88-89];king_grammar_2008[89];king_grammar_2008[89],,Enclitic,All,dhi01;dhi03;dhi06;dhi07;dhi04;dhi05
dhi_02,dhi,P_Marker,seŋ,,,king_grammar_2008[88],,Enclitic,Possible with PRON&SG,dhi02
qiang_01,cng,A_Marker,wu,,,lapolla_grammar_2003[78];lapolla_grammar_2003[78];lapolla_grammar_2003[80],,Postposition,All,qiang02;qiang03;qiang04
qiang_02,cng,P_Marker,ta,,,lapolla_grammar_2003[79];lapolla_grammar_2003[83],,Posposition,All,qiang01;qiang05
